lineNo,firstName,lastName,dob,email
1,James,Smith,1/2/1981,JamesSmith@example.com
2,Christopher,Anderson,2/3/1981,ChristopherAnderson@example.com
3,Ronald,Clark,3/4/1981,RonaldClark@example.com
4,Mary,Wright,4/5/1981,MaryWright@example.com
5,Lisa,Mitchell,5/6/1981,LisaMitchell@example.com
6,Michelle,Johnson,6/7/1981,MichelleJohnson@example.com
7,John,Thomas,7/8/1981,JohnThomas@example.com
8,Daniel,Rodriguez,8/9/1981,DanielRodriguez@example.com
9,Anthony,Lopez,9/10/1981,AnthonyLopez@example.com
10,Patricia,Perez,1/10/1975,PatriciaPerez@example.com
11,Nancy,Williams,2/11/1975,NancyWilliams@example.com
12,Laura,Jackson,3/12/1975,LauraJackson@example.com
13,Robert,Lewis,4/13/1975,RobertLewis@example.com
14,Paul,Hill,5/14/1975,PaulHill@example.com
15,Kevin,Roberts,6/14/1975,KevinRoberts@example.com
16,Linda,Jones,7/16/1975,LindaJones@example.com
17,Karen,White,8/17/1975,KarenWhite@example.com
18,Sarah,Lee,9/18/1975,SarahLee@example.com
19,Michael,Scott,10/19/1975,MichaelScott@example.com
20,Mark,Turner,1/20/1991,MarkTurner@example.com
21,Jason,Brown,2/21/1991,JasonBrown@example.com
22,Barbara,Harris,3/22/1991,BarbaraHarris@example.com
23,Betty,Walker,4/23/1991,BettyWalker@example.com
24,Kimberly,Green,5/24/1991,KimberlyGreen@example.com
25,William,Phillips,6/25/1991,WilliamPhillips@example.com
26,Donald,Davis,7/26/1991,DonaldDavis@example.com
27,Jeff,Martin,8/27/1991,JeffMartin@example.com
28,Elizabeth,Hall,9/28/1991,ElizabethHall@example.com
29,Helen,Adams,10/29/1991,HelenAdams@example.com
30,Deborah,Campbell,11/30/1991,DeborahCampbell@example.com
31,David,Miller,12/31/1991,DavidMiller@example.com
32,George,Thompson,1/17/1968,GeorgeThompson@example.com
33,Jennifer,Allen,2/18/1968,JenniferAllen@example.com
34,Sandra,Baker,3/19/1968,SandraBaker@example.com
35,Richard,Parker,4/20/1968,RichardParker@example.com
36,Kenneth,Wilson,5/21/1968,KennethWilson@example.com
37,Maria,Garcia,6/22/1968,MariaGarcia@example.com
38,Donna,Young,7/23/1968,DonnaYoung@example.com
39,Charles,Gonzalez,8/24/1968,CharlesGonzalez@example.com
40,Steven,Evans,9/25/1968,StevenEvans@example.com
41,Susan,Moore,10/26/1968,SusanMoore@example.com
42,Carol,Martinez,11/27/1968,CarolMartinez@example.com
43,Joseph,Hernandez,12/28/1968,JosephHernandez@example.com
44,Edward,Nelson,1/29/1968,EdwardNelson@example.com
45,Margaret,Edwards,1/30/1968,MargaretEdwards@example.com
46,Ruth,Taylor,1/31/1968,RuthTaylor@example.com
47,Thomas,Robinson,2/1/1968,ThomasRobinson@example.com
48,Brian,King,2/2/1968,BrianKing@example.com
49,Dorothy,Carter,2/3/1968,DorothyCarter@example.com
50,Sharon,Collins,2/4/1968,SharonCollins@example.com